wa, in
1268.891319, 8
1269.216874, 4
1269.542426, 8
1269.867975, 13
1270.193523, 5
1270.519068, 11
1270.84461, 15